Age,qx,time_unit,subphylum
3,0.04432989690721645,days,Invertebrate
13,0.13376483279395912,days,Invertebrate
23,0.30884184308841844,days,Invertebrate
33,0.48108108108108105,days,Invertebrate
43,0.5451388888888888,days,Invertebrate
53,0.6259541984732824,days,Invertebrate
