Age,qx,time_unit,subphylum
0,0.7728079999999999,years,Algae
1,0.47233118243600125,years,Algae
2,0.4161760917602618,years,Algae
