Age,qx,time_unit,subphylum
0,0.5353430353430353,years,VertMammal
1,0.22818791946308725,years,VertMammal
2,0.1159420289855072,years,VertMammal
3,0.08196721311475397,years,VertMammal
4,0.09642857142857153,years,VertMammal
5,0.16600790513833985,years,VertMammal
6,0.1563981042654028,years,VertMammal
7,0.2078651685393258,years,VertMammal
8,0.35460992907801414,years,VertMammal
9,0.37362637362637363,years,VertMammal
